Date,AB,BC,ON,QC,SK,NS,MB,NL,NB,PE,,,,,,,,,,
23-01-2020,0,0,2,0,0,0,0,0,0,0,,,,,,,,,,
24-01-2020,0,0,3,0,0,0,0,0,0,0,,,,,,,,,,
25-01-2020,0,0,3,0,0,0,0,0,0,0,,,,,,,,,,
26-01-2020,0,0,3,0,0,0,0,0,0,0,,,,,,,,,,
27-01-2020,0,0,3,0,0,0,0,0,0,0,,,,,,,,,,
28-01-2020,0,0,3,0,0,0,0,0,0,0,,,,,,,,,,
29-01-2020,0,1,3,0,0,0,0,0,0,0,,,,,,,,,,
30-01-2020,0,1,3,0,0,0,0,0,0,0,,,,,,,,,,
31-01-2020,0,1,3,0,0,0,0,0,0,0,,,,,,,,,,
01-02-2020,0,1,3,0,0,0,0,0,0,0,,,,,,,,,,
02-02-2020,0,1,3,0,0,0,0,0,0,0,,,,,,,,,,
03-02-2020,0,1,3,0,0,0,0,0,0,0,,,,,,,,,,
04-02-2020,0,1,3,0,0,0,0,0,0,0,,,,,,,,,,
05-02-2020,0,1,3,0,0,0,0,0,0,0,,,,,,,,,,
06-02-2020,0,2,3,0,0,0,0,0,0,0,,,,,,,,,,
07-02-2020,0,2,3,0,0,0,0,0,0,0,,,,,,,,,,
08-02-2020,0,2,3,0,0,0,0,0,0,0,,,,,,,,,,
09-02-2020,0,2,3,0,0,0,0,0,0,0,,,,,,,,,,
10-02-2020,0,4,3,0,0,0,0,0,0,0,,,,,,,,,,
11-02-2020,0,4,3,0,0,0,0,0,0,0,,,,,,,,,,
12-02-2020,0,4,3,0,0,0,0,0,0,0,,,,,,,,,,
13-02-2020,0,4,3,0,0,0,0,0,0,0,,,,,,,,,,
14-02-2020,0,4,3,0,0,0,0,0,0,0,,,,,,,,,,
15-02-2020,0,4,3,0,0,0,0,0,0,0,,,,,,,,,,
16-02-2020,0,4,3,0,0,0,0,0,0,0,,,,,,,,,,
17-02-2020,0,4,3,0,0,0,0,0,0,0,,,,,,,,,,
18-02-2020,0,5,3,0,0,0,0,0,0,0,,,,,,,,,,
19-02-2020,0,5,3,0,0,0,0,0,0,0,,,,,,,,,,
20-02-2020,0,5,3,0,0,0,0,0,0,0,,,,,,,,,,
21-02-2020,0,5,4,0,0,0,0,0,0,0,,,,,,,,,,
22-02-2020,0,5,4,0,0,0,0,0,0,0,,,,,,,,,,
23-02-2020,0,5,4,0,0,0,0,0,0,0,,,,,,,,,,
24-02-2020,0,7,4,0,0,0,0,0,0,0,,,,,,,,,,
25-02-2020,0,7,5,1,0,0,0,0,0,0,,,,,,,,,,
26-02-2020,0,7,6,1,0,0,0,0,0,0,,,,,,,,,,
27-02-2020,0,7,8,1,0,0,0,0,0,0,,,,,,,,,,
28-02-2020,0,7,13,2,0,0,0,0,0,0,,,,,,,,,,
29-02-2020,0,7,17,2,0,0,0,0,0,0,,,,,,,,,,
01-03-2020,0,7,19,3,0,0,0,0,0,0,,,,,,,,,,
02-03-2020,0,7,19,6,0,0,0,0,0,0,,,,,,,,,,
03-03-2020,0,12,21,8,0,0,0,0,0,0,,,,,,,,,,
04-03-2020,0,12,22,10,0,0,0,0,0,0,,,,,,,,,,
05-03-2020,0,20,26,11,0,0,0,0,0,0,,,,,,,,,,
06-03-2020,1,27,29,13,0,0,0,0,0,0,,,,,,,,,,
07-03-2020,1,28,32,13,0,0,0,0,0,0,,,,,,,,,,
08-03-2020,1,32,37,14,0,0,0,0,1,0,,,,,,,,,,
09-03-2020,7,35,43,15,0,0,0,0,1,0,,,,,,,,,,
10-03-2020,16,45,52,17,0,0,0,0,1,0,,,,,,,,,,
11-03-2020,23,61,75,27,1,0,0,0,2,0,,,,,,,,,,
12-03-2020,26,69,112,33,2,0,0,0,2,0,,,,,,,,,,
13-03-2020,34,85,148,37,6,0,2,1,2,0,,,,,,,,,,
14-03-2020,56,113,180,56,6,3,3,1,7,1,,,,,,,,,,
15-03-2020,67,142,216,69,7,5,3,1,8,1,,,,,,,,,,
16-03-2020,91,189,269,86,8,7,6,3,10,1,,,,,,,,,,
17-03-2020,102,239,328,130,16,12,7,3,11,1,,,,,,,,,,
18-03-2020,131,287,387,171,20,15,14,3,11,2,,,,,,,,,,
19-03-2020,163,344,456,245,26,16,15,4,11,2,,,,,,,,,,
20-03-2020,210,407,555,374,44,21,16,6,14,2,,,,,,,,,,
21-03-2020,245,481,627,560,52,29,16,9,17,3,,,,,,,,,,
22-03-2020,292,533,714,799,66,42,17,24,18,3,,,,,,,,,,
23-03-2020,345,587,858,1145,72,52,20,35,21,3,,,,,,,,,,
24-03-2020,413,651,1032,1414,86,69,21,67,28,5,,,,,,,,,,
25-03-2020,476,732,1170,1783,95,74,27,82,40,9,,,,,,,,,,
26-03-2020,529,800,1420,2150,104,91,36,102,50,11,,,,,,,,,,
27-03-2020,614,861,1717,2602,134,112,63,120,65,11,,,,,,,,,,
28-03-2020,668,927,1952,3021,156,124,73,135,68,11,,,,,,,,,,
29-03-2020,702,973,2179,3591,176,129,96,148,71,18,,,,,,,,,,
30-03-2020,742,1023,2618,4169,184,148,105,152,79,21,,,,,,,,,,
31-03-2020,874,1081,3030,4898,193,173,132,175,87,21,,,,,,,,,,
01-04-2020,982,1134,3484,5599,206,193,165,183,96,22,,,,,,,,,,
02-04-2020,1104,1180,3934,6474,220,207,181,195,98,22,,,,,,,,,,
03-04-2020,1175,1217,4399,7246,231,236,191,203,101,22,,,,,,,,,,
04-04-2020,1235,1246,4749,8050,249,262,202,217,103,22,,,,,,,,,,
05-04-2020,1277,1261,5120,8683,253,293,203,226,104,22,,,,,,,,,,
06-04-2020,1311,1310,5599,9560,260,310,216,228,106,22,,,,,,,,,,
07-04-2020,1364,1344,6057,10349,271,342,219,232,108,24,,,,,,,,,,
08-04-2020,1397,1377,6551,11036,278,373,221,236,111,25,,,,,,,,,,
09-04-2020,1442,1420,7040,11784,285,407,227,239,113,25,,,,,,,,,,
10-04-2020,1491,1450,7439,12419,289,428,239,241,114,25,,,,,,,,,,
11-04-2020,1556,1469,7916,13084,298,445,239,242,116,25,,,,,,,,,,
12-04-2020,1624,1487,8465,13873,300,474,241,244,116,25,,,,,,,,,,
13-04-2020,1692,1515,9067,14836,301,517,241,244,117,25,,,,,,,,,,
14-04-2020,1819,1555,9625,15795,304,549,244,247,117,26,,,,,,,,,,
15-04-2020,1952,1580,10244,16891,305,579,248,252,117,26,,,,,,,,,,
16-04-2020,2098,1618,10826,17857,307,606,249,256,118,26,,,,,,,,,,
17-04-2020,2311,1641,11577,18880,313,649,254,256,118,26,,,,,,,,,,
18-04-2020,2498,1666,12178,19545,315,675,256,256,118,26,,,,,,,,,,
19-04-2020,2699,1687,12773,20364,316,721,257,256,118,26,,,,,,,,,,
20-04-2020,2882,1731,13387,21272,320,737,258,256,118,26,,,,,,,,,,
21-04-2020,3146,1785,13909,22077,326,772,258,256,118,26,,,,,,,,,,
22-04-2020,3440,1815,14457,22963,331,827,261,256,118,26,,,,,,,,,,
23-04-2020,3780,1878,14968,23870,341,850,263,256,118,26,,,,,,,,,,
24-04-2020,4012,1947,15401,24724,349,865,266,257,118,26,,,,,,,,,,
25-04-2020,4234,1979,15829,25485,353,873,270,258,118,26,,,,,,,,,,
26-04-2020,4437,2005,16196,26100,365,900,271,258,118,26,,,,,,,,,,
27-04-2020,4615,2061,16676,27010,366,915,273,258,118,27,,,,,,,,,,
28-04-2020,4864,2090,17093,27932,383,935,273,258,118,27,,,,,,,,,,
29-04-2020,5095,2120,17500,28830,389,947,274,258,118,27,,,,,,,,,,
30-04-2020,5317,2149,17909,29835,415,959,278,259,118,27,,,,,,,,,,
01-05-2020,5458,2183,18398,30888,421,963,279,259,118,27,,,,,,,,,,
02-05-2020,5570,2206,18731,31787,433,971,280,259,118,27,,,,,,,,,,
03-05-2020,5640,2224,19072,32577,467,985,280,259,118,27,,,,,,,,,,
04-05-2020,5719,2248,19405,33441,487,991,281,259,119,27,,,,,,,,,,
05-05-2020,5781,2273,19814,34332,512,998,283,259,120,27,,,,,,,,,,
06-05-2020,5846,2289,20170,35365,531,1007,283,261,120,27,,,,,,,,,,
07-05-2020,5933,2313,20476,36218,544,1008,284,261,120,27,,,,,,,,,,
08-05-2020,6010,2326,20774,36992,553,1011,285,261,120,27,,,,,,,,,,
09-05-2020,6095,2339,21084,37745,564,1018,287,261,120,27,,,,,,,,,,
10-05-2020,6166,2352,21378,38396,568,1019,289,261,120,27,,,,,,,,,,
11-05-2020,6213,2364,21594,39120,573,1020,289,261,120,27,,,,,,,,,,
12-05-2020,6283,2374,21852,39917,577,1024,289,261,120,27,,,,,,,,,,
13-05-2020,6345,2398,22214,40696,582,1026,289,261,120,27,,,,,,,,,,
14-05-2020,6406,2406,22556,41394,590,1034,289,260,120,27,,,,,,,,,,
15-05-2020,6479,2424,22936,42172,591,1037,289,260,120,27,,,,,,,,,,
16-05-2020,6533,2435,23307,42869,592,1040,289,260,120,27,,,,,,,,,,
17-05-2020,6579,2444,23728,43597,592,1043,290,260,120,27,,,,,,,,,,
18-05-2020,6617,2454,24104,44263,599,1044,290,260,120,27,,,,,,,,,,
19-05-2020,6660,2468,24431,44899,620,1045,290,260,120,27,,,,,,,,,,
20-05-2020,6687,2481,24819,45701,622,1046,290,260,121,27,,,,,,,,,,
21-05-2020,6717,2504,25157,46414,627,1047,292,260,121,27,,,,,,,,,,
22-05-2020,6744,2512,25557,47017,630,1048,292,260,121,27,,,,,,,,,,
23-05-2020,6776,2520,25924,47518,632,1049,292,260,121,27,,,,,,,,,,
24-05-2020,6805,2530,26264,48061,634,1050,292,260,121,27,,,,,,,,,,
25-05-2020,6818,2537,26663,48568,634,1052,292,260,122,27,,,,,,,,,,
26-05-2020,6837,2542,26936,49015,636,1053,294,260,126,27,,,,,,,,,,
27-05-2020,6864,2551,27258,49535,638,1055,294,261,127,27,,,,,,,,,,
28-05-2020,6892,2560,27583,49949,640,1055,294,261,128,27,,,,,,,,,,
29-05-2020,6922,2572,28189,50372,644,1056,294,261,131,27,,,,,,,,,,
30-05-2020,6942,2585,28535,50769,645,1056,295,261,132,27,,,,,,,,,,
31-05-2020,6976,2594,28947,51061,646,1057,295,261,133,27,,,,,,,,,,
01-06-2020,6997,2607,29344,51387,646,1057,298,261,134,27,,,,,,,,,,
02-06-2020,7016,2619,29710,51613,647,1058,298,261,135,27,,,,,,,,,,
03-06-2020,7034,2622,30058,51889,648,1058,300,261,136,27,,,,,,,,,,
04-06-2020,7053,2631,30337,52145,649,1058,300,261,136,27,,,,,,,,,,
05-06-2020,7090,2636,30615,52386,650,1059,300,261,136,27,,,,,,,,,,
06-06-2020,7113,2647,30837,52633,650,1060,300,261,145,27,,,,,,,,,,
07-06-2020,7146,2655,31044,52819,654,1060,300,261,146,27,,,,,,,,,,
08-06-2020,7170,2661,31258,52937,656,1061,300,261,151,27,,,,,,,,,,
09-06-2020,7208,2676,31474,53102,658,1061,300,261,153,27,,,,,,,,,,
10-06-2020,7256,2694,31711,53273,660,1061,300,261,153,27,,,,,,,,,,
11-06-2020,7299,2706,31898,53425,663,1061,301,261,154,27,,,,,,,,,,
12-06-2020,7326,2722,32138,53601,664,1061,303,261,157,27,,,,,,,,,,
13-06-2020,7361,2737,32309,53722,665,1061,304,261,160,27,,,,,,,,,,
14-06-2020,7414,2744,32452,53816,681,1061,304,261,160,27,,,,,,,,,,
15-06-2020,7450,2752,32629,53928,682,1061,304,261,163,27,,,,,,,,,,
16-06-2020,7495,2775,32803,54061,691,1061,306,261,163,27,,,,,,,,,,
17-06-2020,7541,2781,32994,54182,705,1061,308,261,163,27,,,,,,,,,,
18-06-2020,7587,2787,33192,54318,713,1061,309,261,164,27,,,,,,,,,,
19-06-2020,7634,2794,33381,54451,723,1061,313,261,164,27,,,,,,,,,,
20-06-2020,7664,2802,33535,54546,742,1061,313,261,164,27,,,,,,,,,,
21-06-2020,7697,2821,33709,54626,746,1061,314,261,164,27,,,,,,,,,,
22-06-2020,7738,2830,33910,54711,752,1061,315,261,165,27,,,,,,,,,,
23-06-2020,7783,2849,34062,54806,756,1061,315,261,165,27,,,,,,,,,,
24-06-2020,7808,2868,34226,54894,759,1061,316,261,165,27,,,,,,,,,,
25-06-2020,7844,2875,34372,54985,772,1061,318,261,165,27,,,,,,,,,,
26-06-2020,7910,2885,34554,55069,777,1061,322,261,165,27,,,,,,,,,,
27-06-2020,7947,2896,34785,55157,778,1061,322,261,165,27,,,,,,,,,,
28-06-2020,8015,2904,34990,55215,779,1061,324,261,165,27,,,,,,,,,,
29-06-2020,8059,2912,35121,55273,785,1062,325,261,165,27,,,,,,,,,,
30-06-2020,8092,2927,35297,55371,789,1063,325,261,165,27,,,,,,,,,,
01-07-2020,8156,2938,35447,55444,795,1064,325,261,165,27,,,,,,,,,,
02-07-2020,8211,2947,35589,55514,796,1064,325,261,165,27,,,,,,,,,,
03-07-2020,8241,2961,35741,55603,798,1064,325,261,165,30,,,,,,,,,,
04-07-2020,8289,2975,35870,55695,802,1064,325,261,165,32,,,,,,,,,,
05-07-2020,8337,2982,35962,55752,805,1065,325,261,165,32,,,,,,,,,,
06-07-2020,8386,2993,36067,55819,806,1065,325,261,165,32,,,,,,,,,,
07-07-2020,8430,3011,36206,55926,808,1066,325,261,165,32,,,,,,,,,,
08-07-2020,8473,3029,36348,56026,813,1066,325,261,166,33,,,,,,,,,,
09-07-2020,8547,3049,36484,56154,815,1066,325,262,166,33,,,,,,,,,,
10-07-2020,8609,3077,36608,56267,817,1066,325,262,166,33,,,,,,,,,,
11-07-2020,8699,3099,36736,56368,836,1066,325,262,166,34,,,,,,,,,,
12-07-2020,8777,3117,36849,56443,867,1066,325,262,166,35,,,,,,,,,,
13-07-2020,8864,3130,36947,56580,872,1066,330,262,167,36,,,,,,,,,,
14-07-2020,8949,3152,37052,56710,877,1067,330,262,168,36,,,,,,,,,,
15-07-2020,9064,3185,37185,56857,919,1067,331,262,168,36,,,,,,,,,,
16-07-2020,9167,3216,37327,56995,932,1067,336,262,168,36,,,,,,,,,,
17-07-2020,9335,3249,37492,57191,938,1067,337,262,168,36,,,,,,,,,,
18-07-2020,9437,3275,37667,57379,943,1067,342,262,169,36,,,,,,,,,,
19-07-2020,9525,3306,37789,57507,961,1067,355,262,170,36,,,,,,,,,,
20-07-2020,9656,3336,37967,57637,969,1067,367,263,170,36,,,,,,,,,,
21-07-2020,9792,3366,38085,57787,1028,1067,374,264,170,36,,,,,,,,,,
22-07-2020,9905,3401,38208,57960,1070,1067,380,264,170,36,,,,,,,,,,
23-07-2020,10021,3433,38403,58152,1097,1067,385,265,170,36,,,,,,,,,,
24-07-2020,10138,3460,38542,58314,1134,1067,391,265,170,36,,,,,,,,,,
25-07-2020,10236,3482,38660,58476,1176,1067,396,266,170,36,,,,,,,,,,
26-07-2020,10325,3503,38785,58624,1206,1067,401,266,170,36,,,,,,,,,,
27-07-2020,10406,3523,38907,58713,1215,1067,404,266,170,36,,,,,,,,,,
28-07-2020,10537,3576,39029,58842,1265,1067,407,266,170,36,,,,,,,,,,
29-07-2020,10655,3597,39129,59019,1303,1067,410,266,170,36,,,,,,,,,,
30-07-2020,10779,3643,39238,59173,1317,1069,416,266,170,36,,,,,,,,,,
31-07-2020,10878,3687,39365,59307,1332,1069,422,266,170,36,,,,,,,,,,
01-08-2020,10945,3735,39468,59437,1340,1071,436,266,170,36,,,,,,,,,,
02-08-2020,11018,3776,39525,59530,1357,1071,441,266,170,36,,,,,,,,,,
03-08-2020,11082,3811,39622,59675,1366,1071,443,266,170,36,,,,,,,,,,
04-08-2020,11176,3847,39709,59824,1374,1071,446,266,174,36,,,,,,,,,,
05-08-2020,11237,3889,39790,59947,1385,1071,475,266,176,36,,,,,,,,,,
06-08-2020,11365,3944,39887,60041,1406,1071,492,267,176,36,,,,,,,,,,
07-08-2020,11476,3986,39968,60168,1430,1071,508,267,176,36,,,,,,,,,,
08-08-2020,11573,4029,40060,60283,1444,1071,543,267,176,36,,,,,,,,,,
09-08-2020,11618,4070,40150,60380,1448,1071,560,268,176,36,,,,,,,,,,
10-08-2020,11704,4133,40219,60479,1477,1071,563,268,177,36,,,,,,,,,,
11-08-2020,11820,4210,40307,60579,1482,1071,578,268,178,41,,,,,,,,,,
12-08-2020,11892,4292,40403,60670,1509,1071,603,268,180,41,,,,,,,,,,
13-08-2020,11973,4384,40493,60768,1539,1072,641,268,180,41,,,,,,,,,,
14-08-2020,12077,4496,40584,60843,1564,1074,660,268,184,41,,,,,,,,,,
15-08-2020,12160,4557,40670,60909,1579,1074,696,268,186,41,,,,,,,,,,
16-08-2020,12255,4637,40770,60954,1580,1075,736,268,186,41,,,,,,,,,,
17-08-2020,12340,4688,40869,61003,1581,1075,749,268,186,44,,,,,,,,,,
18-08-2020,12421,4762,40973,61083,1585,1076,764,268,186,44,,,,,,,,,,
19-08-2020,12522,4847,41076,61156,1589,1077,797,268,186,44,,,,,,,,,,
20-08-2020,12662,4955,41183,61261,1595,1077,832,268,188,44,,,,,,,,,,
21-08-2020,12750,5076,41316,61367,1597,1078,874,268,188,44,,,,,,,,,,
22-08-2020,12853,5151,41398,61439,1599,1080,972,268,189,44,,,,,,,,,,
23-08-2020,12923,5212,41499,61515,1601,1080,1000,268,189,44,,,,,,,,,,
24-08-2020,12996,5273,41617,61559,1601,1080,1028,268,190,44,,,,,,,,,,
25-08-2020,13121,5319,41737,61658,1604,1081,1054,268,190,44,,,,,,,,,,
26-08-2020,13225,5418,41868,61784,1609,1081,1087,268,190,44,,,,,,,,,,
27-08-2020,13378,5529,42018,61906,1611,1083,1114,269,191,44,,,,,,,,,,
28-08-2020,13520,5634,42139,62015,1615,1083,1161,269,191,44,,,,,,,,,,
29-08-2020,13701,5739,42248,62155,1615,1083,1197,269,191,44,,,,,,,,,,
30-08-2020,13810,5826,42369,62273,1619,1085,1222,269,191,44,,,,,,,,,,
31-08-2020,13962,5886,42504,62403,1621,1085,1240,269,191,44,,,,,,,,,,
01-09-2020,14071,5984,42627,62556,1624,1085,1247,269,192,44,,,,,,,,,,
02-09-2020,14203,6065,42753,62742,1634,1085,1267,269,192,46,,,,,,,,,,
03-09-2020,14360,6215,42922,62969,1638,1085,1276,269,192,47,,,,,,,,,,
04-09-2020,14529,6340,43077,63154,1643,1085,1309,270,192,47,,,,,,,,,,
05-09-2020,14697,6453,43224,63349,1651,1085,1325,270,192,47,,,,,,,,,,
06-09-2020,14831,6564,43417,63543,1661,1086,1341,270,192,51,,,,,,,,,,
07-09-2020,14978,6656,43591,63733,1668,1086,1351,270,192,53,,,,,,,,,,
08-09-2020,15075,6770,43772,63926,1670,1086,1367,270,192,55,,,,,,,,,,
09-09-2020,15188,6892,43966,64178,1675,1086,1381,270,193,55,,,,,,,,,,
10-09-2020,15304,7013,44169,64439,1688,1086,1396,270,193,55,,,,,,,,,,
11-09-2020,15419,7162,44434,64747,1709,1086,1413,271,193,55,,,,,,,,,,
12-09-2020,15585,7264,44729,65041,1725,1086,1433,271,193,55,,,,,,,,,,
13-09-2020,15722,7348,44944,65359,1731,1086,1452,271,194,55,,,,,,,,,,
14-09-2020,15845,7431,45222,65637,1741,1086,1469,271,194,57,,,,,,,,,,
15-09-2020,16015,7585,45540,65957,1750,1086,1492,271,194,57,,,,,,,,,,
16-09-2020,16197,7726,45875,66260,1757,1086,1503,271,194,57,,,,,,,,,,
17-09-2020,16322,7879,46304,66610,1776,1086,1543,272,194,57,,,,,,,,,,
18-09-2020,16459,8009,46701,67097,1787,1086,1560,272,194,57,,,,,,,,,,
19-09-2020,16579,8117,47101,67596,1806,1086,1589,272,194,57,,,,,,,,,,
20-09-2020,16731,8243,47502,68100,1814,1086,1611,272,196,57,,,,,,,,,,
21-09-2020,16887,8341,47890,68579,1824,1087,1635,272,196,57,,,,,,,,,,
22-09-2020,17015,8421,48263,69105,1830,1087,1677,272,197,58,,,,,,,,,,
23-09-2020,17144,8570,48659,69792,1835,1087,1717,272,199,58,,,,,,,,,,
24-09-2020,17268,8650,49085,70519,1845,1087,1775,272,200,58,,,,,,,,,,
25-09-2020,17443,8748,49600,71264,1863,1087,1841,272,200,58,,,,,,,,,,
26-09-2020,17598,8864,50224,72174,1877,1087,1883,273,200,58,,,,,,,,,,
27-09-2020,17719,8952,50784,73025,1892,1087,1927,273,200,58,,,,,,,,,,
28-09-2020,17846,9048,51315,73939,1899,1087,1962,273,200,59,,,,,,,,,,
29-09-2020,18021,9158,51924,74898,1913,1088,2000,274,200,59,,,,,,,,,,
30-09-2020,18175,9277,52605,75916,1927,1088,2033,275,200,59,,,,,,,,,,
01-10-2020,18322,9421,53228,76866,1940,1089,2073,275,200,59,,,,,,,,,,
02-10-2020,18544,9515,53902,78038,1954,1089,2118,276,201,59,,,,,,,,,,
03-10-2020,18740,9640,54446,79196,1959,1089,2162,277,201,61,,,,,,,,,,
04-10-2020,18953,9764,55033,80250,1968,1089,2190,277,203,61,,,,,,,,,,
05-10-2020,19159,9854,55610,81095,1983,1089,2246,277,205,61,,,,,,,,,,
06-10-2020,19402,9966,56368,82096,1994,1089,2291,277,222,61,,,,,,,,,,
07-10-2020,19620,10088,57248,83069,2012,1089,2349,277,225,61,,,,,,,,,,
08-10-2020,19806,10217,57991,84163,2034,1089,2446,279,238,61,,,,,,,,,,
09-10-2020,20064,10399,58794,85300,2068,1092,2532,282,258,61,,,,,,,,,,
10-10-2020,20314,10559,59482,86207,2092,1092,2662,282,272,63,,,,,,,,,,
11-10-2020,20555,10671,60279,87289,2140,1092,2752,283,278,63,,,,,,,,,,
12-10-2020,20776,10813,60870,88082,2172,1092,2819,283,284,63,,,,,,,,,,
13-10-2020,21018,10971,61703,89034,2198,1092,2946,283,292,63,,,,,,,,,,
14-10-2020,21260,11060,62583,90133,2231,1092,3106,284,292,63,,,,,,,,,,
15-10-2020,21579,11212,63347,91280,2270,1093,3182,287,297,63,,,,,,,,,,
16-10-2020,21886,11423,64053,92417,2305,1095,3288,287,305,63,,,,,,,,,,
17-10-2020,22111,11560,64758,93472,2328,1097,3323,287,310,63,,,,,,,,,,
18-10-2020,22481,11764,65559,94444,2394,1097,3391,287,313,63,,,,,,,,,,
19-10-2020,22805,11904,66314,95290,2439,1097,3527,287,313,64,,,,,,,,,,
20-10-2020,23197,12160,67072,96328,2496,1097,3695,287,319,64,,,,,,,,,,
21-10-2020,23633,12458,67915,97309,2556,1097,3855,288,322,64,,,,,,,,,,
22-10-2020,24075,12658,68907,98244,2589,1097,4033,288,324,64,,,,,,,,,,
23-10-2020,24465,12932,69861,99283,2667,1100,4197,289,326,64,,,,,,,,,,
24-10-2020,25043,13227,70797,100120,2727,1100,4361,290,328,64,,,,,,,,,,
25-10-2020,25543,13456,71677,100945,2781,1101,4487,291,331,64,,,,,,,,,,
26-10-2020,25959,13715,72456,101932,2838,1102,4687,291,334,64,,,,,,,,,,
27-10-2020,26366,13980,73331,102902,2906,1102,4861,291,337,64,,,,,,,,,,
28-10-2020,26845,14252,74256,103892,2988,1102,5150,291,341,64,,,,,,,,,,
29-10-2020,27459,14592,75148,104956,3064,1104,5523,291,342,64,,,,,,,,,,
30-10-2020,28048,14975,76238,105908,3142,1109,5754,291,343,64,,,,,,,,,,
31-10-2020,28572,15355,77185,106893,3215,1111,6156,291,344,64,,,,,,,,,,
01-11-2020,29177,15729,78287,107917,3279,1113,6297,291,344,64,,,,,,,,,,
02-11-2020,29748,16066,79255,108811,3368,1114,6494,291,344,64,,,,,,,,,,
03-11-2020,30285,16432,80131,109875,3405,1118,6779,292,347,64,,,,,,,,,,
04-11-2020,31056,17023,81071,111041,3529,1119,7228,294,349,64,,,,,,,,,,
05-11-2020,31792,17504,82332,112311,3618,1121,7455,294,350,66,,,,,,,,,,
06-11-2020,32617,17953,83630,113508,3733,1125,7769,296,353,66,,,,,,,,,,
07-11-2020,33257,18522,84787,114744,3889,1128,8219,296,354,66,,,,,,,,,,
08-11-2020,33888,19025,86112,116053,4074,1129,8562,296,355,66,,,,,,,,,,
09-11-2020,34612,19522,87539,117259,4203,1132,8906,296,355,67,,,,,,,,,,
10-11-2020,35288,20221,89113,118563,4314,1134,9414,298,355,68,,,,,,,,,,
11-11-2020,36143,20881,90645,119950,4421,1134,9848,298,356,68,,,,,,,,,,
12-11-2020,37039,21467,92244,121284,4502,1136,10257,299,358,68,,,,,,,,,,
13-11-2020,38056,22009,93732,122661,4800,1142,10626,301,364,68,,,,,,,,,,
14-11-2020,39039,22954,95227,123896,4977,1144,11069,303,367,68,,,,,,,,,,
15-11-2020,39891,23543,96531,125011,5157,1146,11419,303,375,68,,,,,,,,,,
16-11-2020,40657,24093,97875,126034,5388,1151,11725,305,379,68,,,,,,,,,,
17-11-2020,41386,24826,99133,127160,5512,1154,12142,307,388,68,,,,,,,,,,
18-11-2020,42488,25686,100621,128365,5625,1155,12584,308,392,68,,,,,,,,,,
19-11-2020,43628,26329,102126,129676,5776,1160,13015,311,401,68,,,,,,,,,,
20-11-2020,44962,27265,103762,130823,6208,1168,13367,316,424,68,,,,,,,,,,
21-11-2020,46524,27986,105265,131942,6445,1179,13614,319,430,68,,,,,,,,,,
22-11-2020,48052,28642,106585,133153,6677,1190,14207,321,445,69,,,,,,,,,,
23-11-2020,49173,29322,107949,134230,6853,1227,14639,323,450,69,,,,,,,,,,
24-11-2020,50444,30165,109359,135460,7016,1243,14979,324,453,70,,,,,,,,,,
25-11-2020,51528,31045,111054,136847,7334,1257,15360,327,465,70,,,,,,,,,,
26-11-2020,52757,31802,112912,138181,7662,1265,15680,331,477,70,,,,,,,,,,
27-11-2020,54472,32507,114675,139463,7862,1279,16173,333,481,72,,,,,,,,,,
28-11-2020,56066,33326,116400,140895,8209,1289,16514,337,495,72,,,,,,,,,,
29-11-2020,57777,33967,118077,142281,8536,1305,16867,338,501,72,,,,,,,,,,
30-11-2020,59094,34510,119707,143548,8714,1315,17123,339,508,72,,,,,,,,,,
01-12-2020,60790,35283,121521,145069,8949,1332,17415,340,514,72,,,,,,,,,,
02-12-2020,62641,36040,123280,146614,9214,1343,17784,340,520,73,,,,,,,,,,
03-12-2020,64436,36737,125102,148119,9481,1358,18106,343,528,73,,,,,,,,,,
04-12-2020,66317,37326,126993,149882,9688,1364,18508,347,530,76,,,,,,,,,,
05-12-2020,68146,38105,129081,151522,10107,1368,18876,351,534,80,,,,,,,,,,
06-12-2020,69871,38677,130814,153060,10379,1376,19148,351,536,84,,,,,,,,,,
07-12-2020,71665,39257,132594,154687,10565,1383,19408,352,541,84,,,,,,,,,,
08-12-2020,73159,39917,134461,156346,10867,1389,19665,353,542,84,,,,,,,,,,
09-12-2020,74755,40681,136368,158090,11189,1393,19974,354,546,84,,,,,,,,,,
10-12-2020,76501,41455,138259,159847,11443,1402,20423,355,554,84,,,,,,,,,,
11-12-2020,78098,42169,140171,161757,11717,1409,20796,358,555,89,,,,,,,,,,
12-12-2020,79807,42906,142141,163751,11942,1415,21042,358,557,89,,,,,,,,,,
13-12-2020,81672,43470,144119,165514,12202,1420,21286,358,558,89,,,,,,,,,,
14-12-2020,83013,43987,146175,167404,12396,1426,21546,359,559,89,,,,,,,,,,
15-12-2020,84300,44574,148423,169195,12554,1430,21831,364,567,89,,,,,,,,,,
16-12-2020,85892,45209,150734,171317,12788,1436,22055,367,573,90,,,,,,,,,,
17-12-2020,87352,45831,153107,173632,13030,1441,22403,372,573,90,,,,,,,,,,
18-12-2020,88721,46470,155522,175751,13287,1443,22643,380,574,91,,,,,,,,,,
19-12-2020,90029,47050,157797,177804,13513,1445,22866,382,574,91,,,,,,,,,,
20-12-2020,91280,47554,160134,179773,13716,1447,23034,382,578,91,,,,,,,,,,
21-12-2020,92332,47957,162293,181886,13908,1454,23187,383,580,91,,,,,,,,,,
22-12-2020,93668,48471,164851,184041,14063,1458,23389,384,585,91,,,,,,,,,,
23-12-2020,94798,49007,167072,186265,14208,1465,23630,384,587,94,,,,,,,,,,
24-12-2020,96037,49561,168995,188661,14208,1465,23806,384,588,94,,,,,,,,,,
25-12-2020,96941,49966,171180,190960,14208,1474,24004,384,590,94,,,,,,,,,,
26-12-2020,97426,50297,173428,193049,14687,1477,24150,387,592,94,,,,,,,,,,
27-12-2020,98381,50773,175568,195208,14687,1478,24266,389,593,94,,,,,,,,,,
28-12-2020,99277,51177,178309,197516,14917,1480,24390,390,595,96,,,,,,,,,,
29-12-2020,100641,51796,181499,200374,15073,1483,24515,390,596,96,,,,,,,,,,
30-12-2020,101904,52390,184305,203177,15267,1486,24700,390,599,96,,,,,,,,,,
31-12-2020,103264,53010,187711,205702,15267,1497,24854,390,601,96,,,,,,,,,,
01-01-2021,104185,53606,190987,208432,15782,1499,25034,390,611,96,,,,,,,,,,
02-01-2021,104651,54017,193874,210836,16012,1501,25128,390,618,96,,,,,,,,,,
03-01-2021,105790,54553,197178,213000,16282,1505,25250,391,635,96,,,,,,,,,,
04-01-2021,106667,55069,200317,215551,16436,1508,25381,392,662,97,,,,,,,,,,
05-01-2021,107815,55635,203642,218136,16685,1520,25566,392,693,101,,,,,,,,,,
06-01-2021,108781,56242,207381,221004,16998,1523,25745,392,717,102,,,,,,,,,,
07-01-2021,109957,56790,211551,223837,17389,1525,25971,392,735,102,,,,,,,,,,
08-01-2021,110939,57317,215372,226580,17714,1528,26171,392,765,102,,,,,,,,,,
09-01-2021,111748,57848,218750,228587,17714,1528,26311,393,779,102,,,,,,,,,,
10-01-2021,112375,58296,221853,230622,18419,1533,26446,393,800,102,,,,,,,,,,
11-01-2021,113050,58705,224690,232414,18663,1534,26549,393,817,103,,,,,,,,,,
12-01-2021,113917,59208,227864,234603,18915,1542,26698,393,836,103,,,,,,,,,,
13-01-2021,114883,59730,231200,236616,19237,1548,26955,394,859,104,,,,,,,,,,
14-01-2021,115662,60226,234193,238562,19626,1550,27144,395,884,104,,,,,,,,,,
15-01-2021,116365,60798,237403,240442,19901,1554,27323,395,911,104,,,,,,,,,,
16-01-2021,117108,61260,240132,242366,20185,1557,27506,396,947,104,,,,,,,,,,
17-01-2021,117568,61580,242216,243879,20460,1557,27627,396,973,108,,,,,,,,,,
18-01-2021,118030,61959,244616,245218,20751,1561,27740,396,1004,110,,,,,,,,,,
19-01-2021,118700,62471,247033,246735,21015,1564,27901,396,1025,110,,,,,,,,,,
20-01-2021,119372,63029,249791,248301,21239,1565,28117,397,1057,110,,,,,,,,,,
21-01-2021,120014,63549,252137,250097,21546,1570,28300,398,1087,110,,,,,,,,,,
22-01-2021,120581,64035,254607,251632,21820,1570,28512,398,1104,110,,,,,,,,,,
23-01-2021,121032,64529,256531,252962,22086,1571,28736,398,1124,110,,,,,,,,,,
24-01-2021,121390,64888,258319,254126,22325,1571,28867,398,1151,110,,,,,,,,,,
25-01-2021,121752,65223,259942,255344,22548,1572,28931,398,1161,110,,,,,,,,,,
26-01-2021,122220,65760,261841,256696,22702,1576,29019,400,1175,110,,,,,,,,,,
27-01-2021,122693,66260,263802,257969,22951,1576,29152,404,1202,111,,,,,,,,,,
28-01-2021,123212,66782,265761,259257,23272,1577,29319,408,1218,111,,,,,,,,,,
29-01-2021,123600,67203,267641,260539,23530,1580,29480,408,1230,111,,,,,,,,,,
30-01-2021,124068,67681,269299,261772,23757,1580,29584,408,1256,111,,,,,,,,,,
31-01-2021,124419,67976,270752,262652,23912,1581,29673,408,1264,113,,,,,,,,,,
01-02-2021,124699,68374,272012,263627,24124,1582,29773,408,1288,113,,,,,,,,,,
02-02-2021,125155,68776,273457,264793,24313,1583,29886,410,1302,113,,,,,,,,,,
03-02-2021,125558,69248,274951,265873,24569,1584,29982,411,1318,113,,,,,,,,,,
04-02-2021,125952,69723,276332,266956,24837,1584,30083,412,1325,113,,,,,,,,,,
05-02-2021,126313,70167,277834,268175,25092,1584,30169,415,1337,113,,,,,,,,,,
06-02-2021,126665,70650,279079,269219,25300,1585,30247,416,1344,113,,,,,,,,,,
07-02-2021,126933,70998,280183,270054,25468,1586,30297,427,1346,113,,,,,,,,,,
08-02-2021,127153,71392,281146,270830,25551,1587,30370,457,1361,114,,,,,,,,,,
09-02-2021,127489,71867,282277,271796,25742,1588,30422,510,1375,114,,,,,,,,,,
10-02-2021,127837,72315,283577,272957,25865,1590,30508,610,1377,114,,,,,,,,,,
11-02-2021,128155,72748,284796,273970,26053,1590,30591,660,1382,114,,,,,,,,,,
12-02-2021,128456,73200,285981,274994,26302,1592,30688,686,1398,114,,,,,,,,,,
13-02-2021,128743,73650,286979,275828,26461,1593,30767,697,1400,114,,,,,,,,,,
14-02-2021,128987,74010,287912,276551,26461,1594,30845,704,1401,114,,,,,,,,,,
15-02-2021,129247,74333,288770,277222,26742,1597,30960,711,1404,114,,,,,,,,,,
16-02-2021,129533,74725,289770,278068,26859,1600,31038,755,1407,114,,,,,,,,,,
17-02-2021,129952,75341,290870,278851,27010,1602,31148,803,1411,115,,,,,,,,,,
18-02-2021,130284,75872,292066,279713,27158,1604,31241,863,1417,115,,,,,,,,,,
19-02-2021,130666,76401,293288,280490,27353,1608,31332,901,1420,115,,,,,,,,,,
20-02-2021,130993,76892,294436,281207,27531,1609,31386,926,1424,115,,,,,,,,,,
21-02-2021,131262,77347,295425,282022,27702,1610,31490,939,1424,115,,,,,,,,,,
22-02-2021,131539,77848,296330,282659,27832,1613,31551,954,1424,115,,,,,,,,,,
23-02-2021,131964,78368,297458,283490,27905,1616,31590,962,1426,117,,,,,,,,,,
24-02-2021,132368,78874,298648,284344,28116,1624,31656,972,1427,120,,,,,,,,,,
25-02-2021,132723,79467,299890,285155,28275,1634,31725,976,1428,121,,,,,,,,,,
26-02-2021,133136,79986,301003,286025,28442,1638,31804,980,1430,127,,,,,,,,,,
27-02-2021,133437,80479,302121,286732,28585,1641,31856,987,1430,132,,,,,,,,,,
28-02-2021,133724,80929,303123,287307,28736,1642,31894,989,1431,132,,,,,,,,,,
01-03-2021,133986,81386,304038,287892,28876,1643,31946,994,1435,136,,,,,,,,,,
02-03-2021,134386,81944,305154,288653,28996,1646,31998,997,1438,137,,,,,,,,,,
03-03-2021,134719,82507,306285,289339,29162,1649,32047,1002,1443,138,,,,,,,,,,
04-03-2021,135126,83133,307521,290198,29368,1651,32101,1003,1447,139,,,,,,,,,,
05-03-2021,135462,83681,308774,290901,29541,1657,32167,1005,1453,139,,,,,,,,,,
06-03-2021,135768,84238,310055,291644,29658,1659,32226,1006,1455,141,,,,,,,,,,
07-03-2021,136019,84637,311310,292255,29753,1659,32291,1009,1460,143,,,,,,,,,,
08-03-2021,136272,85134,312489,292867,29860,1664,32358,1010,1460,143,,,,,,,,,,
09-03-2021,136659,85663,313725,293664,29966,1665,32433,1010,1460,143,,,,,,,,,,
10-03-2021,137064,86243,315076,294383,30141,1665,32520,1011,1462,143,,,,,,,,,,
11-03-2021,137511,86902,316539,295138,30313,1665,32621,1012,1465,143,,,,,,,,,,
12-03-2021,137938,87452,318136,295950,30464,1669,32709,1012,1465,143,,,,,,,,,,
13-03-2021,138314,87978,319536,296610,30566,1670,32748,1012,1470,143,,,,,,,,,,
14-03-2021,138679,88462,320772,297218,30675,1670,32808,1012,1471,143,,,,,,,,,,
15-03-2021,139029,88944,321973,297791,30827,1672,32929,1013,1476,144,,,,,,,,,,
16-03-2021,139536,89458,323514,298511,30916,1674,33022,1013,1477,144,,,,,,,,,,
17-03-2021,140053,90055,325220,299239,31032,1677,33092,1014,1484,144,,,,,,,,,,
18-03-2021,140725,90790,326989,300001,31204,1680,33187,1014,1486,148,,,,,,,,,,
19-03-2021,141249,91367,328804,300808,31410,1682,33272,1014,1489,148,,,,,,,,,,
20-03-2021,141795,91982,330559,301489,31586,1688,33361,1014,1490,148,,,,,,,,,,
21-03-2021,142250,92641,332152,302155,31787,1690,33431,1014,1498,150,,,,,,,,,,
22-03-2021,142732,93227,333907,302862,31938,1691,33532,1014,1505,152,,,,,,,,,,
23-03-2021,143407,93948,335742,303626,32121,1696,33601,1015,1517,152,,,,,,,,,,
24-03-2021,144160,94751,337926,304655,32289,1699,33718,1015,1546,153,,,,,,,,,,
25-03-2021,144870,95742,340162,305659,32500,1704,33821,1015,1559,156,,,,,,,,,,
26-03-2021,145540,96627,342729,306668,32728,1709,33872,1015,1571,156,,,,,,,,,,
27-03-2021,146176,97454,344948,307599,32975,1711,33931,1016,1577,156,,,,,,,,,,
28-03-2021,146718,98256,347189,308425,33173,1711,33989,1016,1588,156,,,,,,,,,,
29-03-2021,147338,99042,349401,309367,33337,1714,34053,1018,1601,159,,,,,,,,,,
30-03-2021,148229,100064,351902,310366,33527,1716,34127,1019,1613,159,,,,,,,,,,
31-03-2021,149106,100944,354772,311792,33731,1719,34185,1020,1623,160,,,,,,,,,,
01-04-2021,150177,102019,357755,313076,33980,1728,34293,1020,1632,160,,,,,,,,,,
02-04-2021,151236,103125,360843,314363,34259,1732,34360,1020,1641,160,,,,,,,,,,
03-04-2021,152171,104153,363895,315652,34480,1739,34428,1020,1652,160,,,,,,,,,,
04-04-2021,153040,105065,366816,316786,34697,1741,34495,1020,1662,160,,,,,,,,,,
05-04-2021,153971,105993,369741,318003,34915,1747,34559,1020,1665,160,,,,,,,,,,
06-04-2021,155328,107029,373143,319310,35104,1749,34687,1021,1679,160,,,,,,,,,,
07-04-2021,156739,108345,376906,320953,35311,1754,34807,1022,1686,161,,,,,,,,,,
08-04-2021,158271,109563,380814,322670,35652,1756,34987,1025,1694,162,,,,,,,,,,
09-04-2021,159557,110863,384752,324538,35876,1763,35109,1029,1713,162,,,,,,,,,,
10-04-2021,160726,111926,389471,326166,36193,1768,35224,1030,1722,162,,,,,,,,,,
11-04-2021,161819,112966,393453,327661,36485,1775,35353,1030,1732,165,,,,,,,,,,
12-04-2021,162869,113909,397478,329078,36772,1781,35462,1031,1736,165,,,,,,,,,,
13-04-2021,164295,114913,401759,330607,36960,1783,35555,1034,1752,165,,,,,,,,,,
14-04-2021,165940,116137,406829,332122,37247,1786,35705,1036,1760,167,,,,,,,,,,
15-04-2021,167545,117066,411661,333805,37467,1792,35813,1039,1767,167,,,,,,,,,,
16-04-2021,169047,118152,415562,335262,37759,1800,35991,1039,1778,167,,,,,,,,,,
17-04-2021,170518,119118,420366,336556,38037,1807,36160,1043,1788,170,,,,,,,,,,
18-04-2021,171876,120137,424647,337582,38273,1822,36269,1046,1797,173,,,,,,,,,,
19-04-2021,173222,120886,428322,338770,38527,1831,36472,1048,1797,174,,,,,,,,,,
20-04-2021,174950,121816,432309,339993,38757,1856,36634,1049,1804,174,,,,,,,,,,
21-04-2021,176789,122776,436317,341192,39012,1894,36896,1052,1823,175,,,,,,,,,,
22-04-2021,178455,123789,440827,342286,39276,1938,37073,1053,1839,175,,,,,,,,,,
23-04-2021,179969,124682,444888,343207,39569,1990,37348,1056,1847,175,,,,,,,,,,
24-04-2021,181412,125558,448708,344404,39814,2053,37613,1058,1851,175,,,,,,,,,,
25-04-2021,182904,126322,452356,345296,40061,2119,37821,1062,1858,177,,,,,,,,,,
26-04-2021,184457,127097,455495,346265,40282,2215,38028,1062,1882,177,,,,,,,,,,
27-04-2021,186292,127894,459006,347345,40494,2290,38232,1066,1890,179,,,,,,,,,,
28-04-2021,188348,128766,463021,348412,40704,2360,38453,1068,1900,179,,,,,,,,,,
29-04-2021,190346,129512,466841,349526,40976,2427,38744,1076,1915,181,,,,,,,,,,
30-04-2021,192752,130404,470220,350698,41235,2575,39029,1081,1933,181,,,,,,,,,,
01-05-2021,194449,131092,473915,351617,41473,2708,39304,1099,1939,182,,,,,,,,,,
02-05-2021,196416,131737,476868,352394,41667,2854,39544,1104,1954,182,,,,,,,,,,
03-05-2021,198204,132305,479470,353243,41882,3007,39844,1108,1958,183,,,,,,,,,,
04-05-2021,200483,132935,482365,354150,42077,3182,40113,1114,1969,183,,,,,,,,,,
05-05-2021,202659,133646,485642,355044,42252,3364,40485,1120,1980,185,,,,,,,,,,
06-05-2021,204607,134297,489008,356081,42567,3591,40958,1127,1988,186,,,,,,,,,,
07-05-2021,206659,134915,491967,357089,42832,3754,41459,1133,1996,186,,,,,,,,,,
08-05-2021,208242,135538,494669,357902,43010,3919,41954,1138,2002,186,,,,,,,,,,
09-05-2021,209802,136107,496953,358612,43156,4040,42476,1141,2013,187,,,,,,,,,,
10-05-2021,211313,136624,499029,359283,43351,4158,42829,1156,2015,187,,,,,,,,,,
11-05-2021,213123,137199,501594,360115,43544,4307,43167,1166,2024,187,,,,,,,,,,
12-05-2021,214716,137802,504185,360972,43544,4417,43753,1173,2040,188,,,,,,,,,,
13-05-2021,216197,138282,506535,361862,44026,4534,44210,1179,2045,190,,,,,,,,,,
14-05-2021,217434,138734,508987,362652,44231,4620,44657,1184,2052,191,,,,,,,,,,
15-05-2021,218562,139219,511194,363310,44393,4746,45187,1193,2063,191,,,,,,,,,,
16-05-2021,219280,139660,512885,363865,44572,4837,45608,1203,2073,192,,,,,,,,,,
17-05-2021,220200,140058,514501,364440,44707,4927,45988,1209,2083,194,,,,,,,,,,
18-05-2021,221156,140581,516430,365023,44843,5010,46371,1210,2091,199,,,,,,,,,,
19-05-2021,221985,140956,518563,365823,44988,5075,46972,1216,2098,199,,,,,,,,,,
20-05-2021,222743,141389,520378,366497,45163,5159,47557,1226,2113,200,,,,,,,,,,
21-05-2021,223378,141743,522247,367051,45343,5223,48027,1230,2115,200,,,,,,,,,,
22-05-2021,223930,142078,523846,367545,45458,5297,48440,1253,2129,200,,,,,,,,,,
23-05-2021,224379,142380,525056,367891,45562,5346,48808,1258,2144,200,,,,,,,,,,
24-05-2021,224767,142632,526072,368270,45673,5400,49052,1269,2153,200,,,,,,,,,,
25-05-2021,225174,142886,527059,368669,45849,5437,49364,1273,2163,200,,,,,,,,,,
26-05-2021,225713,143278,528267,369127,45991,5470,49674,1279,2172,200,,,,,,,,,,
27-05-2021,226249,143593,529491,369539,46108,5510,50162,1293,2181,202,,,,,,,,,,
28-05-2021,226659,143844,530548,369937,46289,5543,50510,1302,2191,202,,,,,,,,,,
29-05-2021,227052,144090,531605,370236,46461,5563,50786,1309,2200,202,,,,,,,,,,
30-05-2021,227311,144308,532310,370508,46574,5580,51096,1311,2212,204,,,,,,,,,,
31-05-2021,227526,144461,532975,370756,46660,5592,51322,1317,2215,204,,,,,,,,,,
01-06-2021,227959,144659,533785,371038,46788,5609,51598,1334,2227,204,,,,,,,,,,
02-06-2021,228268,144858,534647,371333,46919,5634,51947,1340,2243,206,,,,,,,,,,
03-06-2021,228511,145037,535503,371602,47010,5649,52270,1342,2253,206,,,,,,,,,,
04-06-2021,228809,145264,536213,371834,47110,5667,52536,1347,2262,206,,,,,,,,,,
05-06-2021,229041,145402,536821,372046,47188,5679,52762,1352,2265,206,,,,,,,,,,
06-06-2021,229199,145536,537310,372198,47256,5693,52939,1354,2266,206,,,,,,,,,,
07-06-2021,229342,145690,537729,372361,47352,5710,53166,1357,2267,206,,,,,,,,,,
08-06-2021,229659,145859,538243,372556,47413,5723,53417,1360,2280,206,,,,,,,,,,
09-06-2021,229830,146017,538837,372711,47513,5738,53666,1365,2283,206,,,,,,,,,,
10-06-2021,230006,146161,539347,372925,47609,5746,53896,1368,2284,206,,,,,,,,,,
11-06-2021,230186,146271,539869,373085,47717,5756,54169,1374,2291,206,,,,,,,,,,
12-06-2021,230348,146389,540303,373216,47784,5764,54370,1375,2298,206,,,,,,,,,,
13-06-2021,230462,146460,540654,373334,47840,5772,54495,1379,2299,206,,,,,,,,,,
14-06-2021,230588,146566,541007,373444,47886,5776,54627,1381,2302,206,,,,,,,,,,
15-06-2021,230735,146675,541380,373618,47967,5784,54758,1382,2305,206,,,,,,,,,,
16-06-2021,230887,146799,541749,373768,48056,5798,54930,1383,2309,206,,,,,,,,,,
17-06-2021,231006,146915,542100,373922,48159,5809,55101,1383,2311,206,,,,,,,,,,
18-06-2021,231124,147005,542430,374051,48217,5815,55240,1383,2316,206,,,,,,,,,,
19-06-2021,231210,147096,542721,374136,48281,5817,55332,1383,2318,206,,,,,,,,,,
20-06-2021,231260,147142,542982,374230,48328,5817,55412,1383,2318,206,,,,,,,,,,
21-06-2021,231327,147199,543182,374323,48350,5819,55486,1384,2319,206,,,,,,,,,,
22-06-2021,231427,147282,543458,374451,48382,5819,55608,1384,2320,206,,,,,,,,,,
23-06-2021,231503,147356,543753,374530,48435,5824,55707,1384,2322,206,,,,,,,,,,
24-06-2021,231597,147430,544051,374609,48488,5840,55790,1384,2323,206,,,,,,,,,,
25-06-2021,231674,147484,544355,374713,48553,5851,55883,1384,2324,206,,,,,,,,,,
26-06-2021,231719,147537,544602,374793,48594,5854,55979,1384,2325,206,,,,,,,,,,
27-06-2021,231757,147577,544810,374841,48613,5858,56043,1385,2326,206,,,,,,,,,,
28-06-2021,231816,147609,544994,374937,48667,5859,56106,1385,2329,207,,,,,,,,,,
29-06-2021,231892,147656,545236,375038,48695,5863,56179,1386,2332,207,,,,,,,,,,
30-06-2021,231952,147704,545471,375112,48716,5867,56258,1386,2332,207,,,,,,,,,,
01-07-2021,231989,147740,545661,375188,48741,5869,56309,1387,2336,207,,,,,,,,,,
02-07-2021,232024,147771,545858,375254,48787,5877,56354,1387,2336,207,,,,,,,,,,
03-07-2021,232076,147809,546075,375313,48817,5880,56416,1387,2336,207,,,,,,,,,,
04-07-2021,232115,147835,546233,375354,48835,5881,56484,1400,2336,207,,,,,,,,,,
05-07-2021,232152,147881,546362,375431,48849,5888,56526,1400,2336,208,,,,,,,,,,
06-07-2021,232216,147926,546591,375515,48891,5889,56595,1400,2336,208,,,,,,,,,,
07-07-2021,232264,147992,546815,375584,48994,5891,56666,1400,2336,208,,,,,,,,,,
08-07-2021,232321,148043,546977,375654,49054,5892,56738,1402,2336,208,,,,,,,,,,
09-07-2021,232356,148094,547148,375725,49094,5893,56818,1402,2336,208,,,,,,,,,,
10-07-2021,232386,148133,547301,375785,49115,5897,56881,1402,2336,208,,,,,,,,,,
11-07-2021,232416,148163,547425,375839,49134,5898,56913,1402,2336,208,,,,,,,,,,
12-07-2021,232448,148205,547536,375899,49159,5899,56936,1407,2336,208,,,,,,,,,,
13-07-2021,232483,148238,547693,375978,49177,5899,56987,1410,2336,208,,,,,,,,,,
14-07-2021,232533,148294,547833,376053,49200,5899,57027,1433,2343,208,,,,,,,,,,
15-07-2021,232585,148341,548011,376149,49223,5899,57066,1433,2345,208,,,,,,,,,,
16-07-2021,232634,148395,548190,376221,49258,5899,57128,1433,2345,208,,,,,,,,,,
17-07-2021,232674,148459,548345,376294,49292,5902,57178,1433,2346,208,,,,,,,,,,
18-07-2021,232715,148507,548467,376360,49310,5902,57204,1437,2346,208,,,,,,,,,,
19-07-2021,232775,148572,548598,376438,49332,5902,57234,1437,2346,208,,,,,,,,,,
20-07-2021,232863,148651,548767,376544,49382,5909,57272,1437,2346,208,,,,,,,,,,
21-07-2021,232960,148748,548946,376646,49413,5909,57321,1437,2347,208,,,,,,,,,,
22-07-2021,233126,148861,549139,376772,49465,5911,57357,1437,2350,208,,,,,,,,,,
23-07-2021,233270,148951,549308,376887,49510,5911,57419,1437,2350,208,,,,,,,,,,
24-07-2021,233405,149038,549454,376969,49540,5911,57446,1437,2350,208,,,,,,,,,,
25-07-2021,233496,149135,549590,377038,49582,5912,57461,1437,2351,208,,,,,,,,,,
26-07-2021,233633,149271,549717,377148,49623,5914,57477,1437,2352,208,,,,,,,,,,
27-07-2021,233838,149467,549888,377284,49687,5914,57505,1437,2354,208,,,,,,,,,,
28-07-2021,234060,149672,550122,377416,49735,5915,57559,1437,2358,208,,,,,,,,,,
29-07-2021,234257,149912,550373,377517,49792,5916,57599,1437,2365,208,,,,,,,,,,
30-07-2021,234493,150087,550607,377739,49876,5916,57619,1437,2365,208,,,,,,,,,,
31-07-2021,234716,150295,550804,377888,49913,5916,57652,1437,2383,208,,,,,,,,,,
01-08-2021,234857,150490,550955,378022,49944,5916,57672,1440,2365,208,,,,,,,,,,
02-08-2021,234981,150704,551092,378216,49970,5922,57693,1440,2394,208,,,,,,,,,,
03-08-2021,235185,150994,551301,378410,50027,5924,57706,1441,2396,211,,,,,,,,,,
04-08-2021,235581,151363,551576,378677,50096,5928,57740,1441,2409,212,,,,,,,,,,
05-08-2021,235945,151841,551922,378972,50184,5929,57765,1443,2414,212,,,,,,,,,,
06-08-2021,236336,152272,552368,379241,50320,5929,57794,1443,2414,212,,,,,,,,,,
07-08-2021,236711,152664,552710,379491,50398,5929,57840,1443,2434,212,,,,,,,,,,
08-08-2021,236952,152966,553047,379728,50454,5936,57864,1443,2439,212,,,,,,,,,,
09-08-2021,237238,153329,553382,380024,50522,5937,57888,1443,2447,214,,,,,,,,,,
10-08-2021,237738,153866,553768,380384,50616,5940,57924,1443,2460,216,,,,,,,,,,
11-08-2021,238286,154405,554304,380810,50756,5947,57953,1443,2471,216,,,,,,,,,,
12-08-2021,238865,155112,554833,381235,50877,5949,57975,1447,2490,218,,,,,,,,,,
13-08-2021,239432,155659,555376,381638,51004,5949,57998,1447,2490,218,,,,,,,,,,
14-08-2021,239882,156085,555882,382008,51133,5949,58027,1447,2490,218,,,,,,,,,,
15-08-2021,240269,156536,556333,382362,51221,5958,58057,1450,2530,220,,,,,,,,,,
16-08-2021,240679,156929,556769,382741,51326,5959,58073,1450,2543,221,,,,,,,,,,
17-08-2021,241347,157547,557280,383154,51465,5968,58110,1456,2559,221,,,,,,,,,,
18-08-2021,242165,158321,557930,383649,51661,5976,58137,1456,2582,221,,,,,,,,,,
19-08-2021,242912,158985,558633,384191,51895,5986,58181,1458,2614,221,,,,,,,,,,
20-08-2021,243719,159682,559343,384719,52064,5986,58222,1458,2614,224,,,,,,,,,,
21-08-2021,244396,160252,560026,385112,52280,5986,58260,1458,2614,224,,,,,,,,,,
22-08-2021,244863,160719,560516,385464,52457,6003,58293,1460,2672,224,,,,,,,,,,
23-08-2021,245504,161280,561021,385900,52607,6014,58329,1460,2687,225,,,,,,,,,,
24-08-2021,246577,161986,561653,386474,52651,6021,58429,1462,2697,225,,,,,,,,,,
25-08-2021,247676,162704,562456,387104,52815,6022,58476,1462,2705,225,,,,,,,,,,
26-08-2021,248841,163591,563334,387744,53058,6031,58510,1469,2721,230,,,,,,,,,,
27-08-2021,250064,164370,564094,388270,53397,6031,58604,1469,2721,230,,,,,,,,,,
28-08-2021,251016,164980,564800,388789,53641,6031,58652,1469,2721,230,,,,,,,,,,
29-08-2021,251877,165488,565384,389193,53830,6062,58681,1478,2760,230,,,,,,,,,,
30-08-2021,252792,166078,565991,389754,54111,6065,58712,1478,2763,233,,,,,,,,,,
31-08-2021,254129,166863,566787,390434,54408,6072,58762,1486,2774,233,,,,,,,,,,
01-09-2021,255464,167679,567597,391168,54702,6077,58801,1486,2784,233,,,,,,,,,,
02-09-2021,256878,168384,568469,391919,55119,6082,58851,1491,2798,233,,,,,,,,,,
03-09-2021,258188,169075,569334,392586,55482,6082,58892,1491,2798,233,,,,,,,,,,
04-09-2021,259633,169736,569985,393231,55865,6082,58935,1491,2798,233,,,,,,,,,,
05-09-2021,260448,170317,570601,393737,56251,6082,58967,1506,2798,233,,,,,,,,,,
06-09-2021,261746,170872,571119,394300,56537,6111,59000,1511,2852,235,,,,,,,,,,
07-09-2021,262967,171568,571793,394950,56930,6125,59054,1520,2868,236,,,,,,,,,,
08-09-2021,264465,172381,572646,395732,57177,6142,59109,1520,2885,236,,,,,,,,,,
09-09-2021,265932,173222,573484,396673,57606,6153,59207,1532,2909,240,,,,,,,,,,
10-09-2021,267577,174085,574328,397596,57946,6153,59277,1532,2909,241,,,,,,,,,,
11-09-2021,269055,174747,575039,398296,58363,6153,59336,1532,2909,247,,,,,,,,,,
12-09-2021,270633,175280,575623,398911,58780,6226,59374,1541,3031,252,,,,,,,,,,
13-09-2021,272051,175848,576135,399554,59272,6292,59424,1541,3066,255,,,,,,,,,,
14-09-2021,273688,176518,576963,400307,59750,6298,59471,1551,3129,260,,,,,,,,,,
15-09-2021,275411,177249,577729,401143,60185,6332,59540,1551,3180,270,,,,,,,,,,
16-09-2021,277410,178015,578559,401986,60634,6350,59616,1555,3237,278,,,,,,,,,,
17-09-2021,279009,178688,579317,402780,61116,6350,59662,1555,3237,281,,,,,,,,,,
18-09-2021,280596,179306,579954,403489,61670,6350,59723,1555,3237,284,,,,,,,,,,
19-09-2021,282025,179746,580494,404129,62163,6405,59763,1570,3436,284,,,,,,,,,,
20-09-2021,283547,180285,581090,404729,62509,6430,59823,1586,3501,287,,,,,,,,,,
21-09-2021,284864,180971,581700,405388,62939,6449,59877,1609,3577,287,,,,,,,,,,
22-09-2021,286551,181816,582429,406152,63391,6490,59948,1609,3629,287,,,,,,,,,,
23-09-2021,288220,182571,583089,406878,63907,6524,60009,1654,3707,293,,,,,,,,,,
24-09-2021,290091,183418,583745,407663,64442,6524,60103,1668,3768,294,,,,,,,,,,
25-09-2021,291617,184107,584353,408276,64989,6524,60229,1692,3850,295,,,,,,,,,,
26-09-2021,293359,184834,584793,408756,65387,6607,60300,1717,3936,295,,,,,,,,,,
27-09-2021,294629,185433,585278,409253,65815,6639,60340,1731,4004,296,,,,,,,,,,
28-09-2021,296336,186238,585868,409856,66215,6680,60453,1747,4088,296,,,,,,,,,,
29-09-2021,298057,187031,586516,410574,66809,6680,60558,1747,4187,299,,,,,,,,,,
30-09-2021,299705,187790,587164,411174,67272,6757,60640,1788,4272,302,,,,,,,,,,
01-10-2021,301314,188433,587769,411775,67725,6757,60743,1796,4412,302,,,,,,,,,,
02-10-2021,302596,189126,588306,412230,68081,6757,60870,1804,4505,302,,,,,,,,,,
03-10-2021,303726,189814,588823,412654,68535,6843,60979,1819,4580,302,,,,,,,,,,
04-10-2021,304423,190327,589229,413114,68751,6883,61052,1824,4670,303,,,,,,,,,,
05-10-2021,305686,191088,589853,413623,69218,6908,61136,1833,4741,303,,,,,,,,,,
06-10-2021,306924,191701,590421,414208,69854,6938,61267,1840,4857,306,,,,,,,,,,
07-10-2021,308188,192469,591082,414870,70405,6963,61399,1848,4987,306,,,,,,,,,,
08-10-2021,309272,193084,591655,415478,70906,6963,61488,1848,5087,306,,,,,,,,,,
09-10-2021,310310,193752,592149,416036,71404,6963,61594,1848,5160,306,,,,,,,,,,
10-10-2021,310940,194237,592504,416452,71829,6963,61670,1848,5258,306,,,,,,,,,,
11-10-2021,311540,194646,592854,416897,72094,7062,61730,1869,5367,309,,,,,,,,,,
12-10-2021,312195,195140,593222,417476,72407,7086,61842,1873,5449,309,,,,,,,,,,
13-10-2021,313123,195728,593594,418093,72723,7112,61902,1877,5582,309,,,,,,,,,,
14-10-2021,314166,196416,594193,418800,73005,7130,62010,1881,5669,312,,,,,,,,,,
15-10-2021,314939,197176,594683,419488,73431,7130,62111,1881,5735,312,,,,,,,,,,
16-10-2021,315728,197849,595052,419965,73746,7130,62184,1881,5793,312,,,,,,,,,,
17-10-2021,316331,198311,595419,420311,74046,7202,62236,1889,5846,312,,,,,,,,,,
18-10-2021,316860,198797,595720,420703,74298,7214,62348,1889,5896,315,,,,,,,,,,
19-10-2021,317667,199499,596090,421151,74559,7220,62386,1898,5965,315,,,,,,,,,,
20-10-2021,318437,200228,596542,421566,74912,7239,62474,1898,6032,315,,,,,,,,,,
21-10-2021,319100,200894,596956,421969,75216,7262,62597,1928,6072,315,,,,,,,,,,
22-10-2021,319808,201499,597366,422455,75449,7262,62696,1928,6112,315,,,,,,,,,,
23-10-2021,320316,202050,597676,422849,75685,7262,62849,1928,6163,315,,,,,,,,,,
24-10-2021,320682,202537,597915,423167,75839,7319,62917,1964,6185,315,,,,,,,,,,
25-10-2021,321138,202951,598214,423571,75980,7326,62998,1964,6206,315,,,,,,,,,,
26-10-2021,321769,203584,598545,424017,76203,7352,63115,1984,6263,317,,,,,,,,,,
27-10-2021,322315,204342,599011,424480,76444,7383,63239,1984,6332,317,,,,,,,,,,
28-10-2021,322921,204919,599427,425036,76687,7409,63374,1992,6380,317,,,,,,,,,,
29-10-2021,323452,205495,599771,425655,76877,7409,63479,1992,6413,317,,,,,,,,,,
30-10-2021,323784,205984,600180,426167,77042,7409,63601,1992,6445,317,,,,,,,,,,
31-10-2021,324124,206326,600515,426671,77175,7468,63705,1994,6476,319,,,,,,,,,,
,,,,,,,,,,,,,,,,,,,,
,,,,,,,,,,,,,,,,,,,,
,,,,,,,,,,,,,,,,,,,,
,,,,,,,,,,,,,,,,,,,,
,,,,,,,,,,,,,,,,,,,,
,,,,,,,,,,,,,,,,,,,,
,,,,,,,,,,,,,,,,,,,,
,,,,,,,,,,,,,,,,,,,,
,,,,,,,,,,,,,,,,,,,,
,,,,,,,,,,,,,,,,,,,,
,,,,,,,,,,,,,,,,,,,,
,,,,,,,,,,,,,,,,,,,,
,,,,,,,,,,,,,,,,,,,,
,,,,,,,,,,,,,,,,,,,,
,,,,,,,,,,,,,,,,,,,,
,,,,,,,,,,,,,,,,,,,,
,,,,,,,,,,,,,,,,,,,,
,,,,,,,,,,,,,,,,,,,,
,,,,,,,,,,,,,,,,,,,,
,,,,,,,,,,,,,,,,,,,,
,,,,,,,,,,,,,,,,,,,,
,,,,,,,,,,,,,,,,,,,,
,,,,,,,,,,,,,,,,,,,,
,,,,,,,,,,,,,,,,,,,,
,,,,,,,,,,,,,,,,,,,,
,,,,,,,,,,,,,,,,,,,,
,,,,,,,,,,,,,,,,,,,,
,,,,,,,,,,,,,,,,,,,,
,,,,,,,,,,,,,,,,,,,,
,,,,,,,,,,,,,,,,,,,,
,,,,,,,,,,,,,,,,,,,,
,,,,,,,,,,,,,,,,,,,,
,,,,,,,,,,,,,,,,,,,,
,,,,,,,,,,,,,,,,,,,,
,,,,,,,,,,,,,,,,,,,,
,,,,,,,,,,,,,,,,,,,,
,,,,,,,,,,,,,,,,,,,,
,,,,,,,,,,,,,,,,,,,,
,,,,,,,,,,,,,,,,,,,,
,,,,,,,,,,,,,,,,,,,,
,,,,,,,,,,,,,,,,,,,,
,,,,,,,,,,,,,,,,,,,,
,,,,,,,,,,,,,,,,,,,,
,,,,,,,,,,,,,,,,,,,,
,,,,,,,,,,,,,,,,,,,,
,,,,,,,,,,,,,,,,,,,,
,,,,,,,,,,,,,,,,,,,,
,,,,,,,,,,,,,,,,,,,,
,,,,,,,,,,,,,,,,,,,,
,,,,,,,,,,,,,,,,,,,,
,,,,,,,,,,,,,,,,,,,,
,,,,,,,,,,,,,,,,,,,,
,,,,,,,,,,,,,,,,,,,,
,,,,,,,,,,,,,,,,,,,,
,,,,,,,,,,,,,,,,,,,,
,,,,,,,,,,,,,,,,,,,,
,,,,,,,,,,,,,,,,,,,,
,,,,,,,,,,,,,,,,,,,,
,,,,,,,,,,,,,,,,,,,,
,,,,,,,,,,,,,,,,,,,,
,,,,,,,,,,,,,,,,,,,,
,,,,,,,,,,,,,,,,,,,,
,,,,,,,,,,,,,,,,,,,,
,,,,,,,,,,,,,,,,,,,,
,,,,,,,,,,,,,,,,,,,,
,,,,,,,,,,,,,,,,,,,,
,,,,,,,,,,,,,,,,,,,,
,,,,,,,,,,,,,,,,,,,,
,,,,,,,,,,,,,,,,,,,,
,,,,,,,,,,,,,,,,,,,,
,,,,,,,,,,,,,,,,,,,,
,,,,,,,,,,,,,,,,,,,,
,,,,,,,,,,,,,,,,,,,,
,,,,,,,,,,,,,,,,,,,,
,,,,,,,,,,,,,,,,,,,,
,,,,,,,,,,,,,,,,,,,,
,,,,,,,,,,,,,,,,,,,,
,,,,,,,,,,,,,,,,,,,,
,,,,,,,,,,,,,,,,,,,,
,,,,,,,,,,,,,,,,,,,,
,,,,,,,,,,,,,,,,,,,,
,,,,,,,,,,,,,,,,,,,,
,,,,,,,,,,,,,,,,,,,,
,,,,,,,,,,,,,,,,,,,,
,,,,,,,,,,,,,,,,,,,,
,,,,,,,,,,,,,,,,,,,,
,,,,,,,,,,,,,,,,,,,,
,,,,,,,,,,,,,,,,,,,,
,,,,,,,,,,,,,,,,,,,,
,,,,,,,,,,,,,,,,,,,,
,,,,,,,,,,,,,,,,,,,,
,,,,,,,,,,,,,,,,,,,,
,,,,,,,,,,,,,,,,,,,,
,,,,,,,,,,,,,,,,,,,,
,,,,,,,,,,,,,,,,,,,,
,,,,,,,,,,,,,,,,,,,,
,,,,,,,,,,,,,,,,,,,,
,,,,,,,,,,,,,,,,,,,,
,,,,,,,,,,,,,,,,,,,,
,,,,,,,,,,,,,,,,,,,,
,,,,,,,,,,,,,,,,,,,,
,,,,,,,,,,,,,,,,,,,,
,,,,,,,,,,,,,,,,,,,,
,,,,,,,,,,,,,,,,,,,,
,,,,,,,,,,,,,,,,,,,,
,,,,,,,,,,,,,,,,,,,,
,,,,,,,,,,,,,,,,,,,,
,,,,,,,,,,,,,,,,,,,,
,,,,,,,,,,,,,,,,,,,,
,,,,,,,,,,,,,,,,,,,,
,,,,,,,,,,,,,,,,,,,,
,,,,,,,,,,,,,,,,,,,,
,,,,,,,,,,,,,,,,,,,,
,,,,,,,,,,,,,,,,,,,,
,,,,,,,,,,,,,,,,,,,,
,,,,,,,,,,,,,,,,,,,,
,,,,,,,,,,,,,,,,,,,,
,,,,,,,,,,,,,,,,,,,,
,,,,,,,,,,,,,,,,,,,,
,,,,,,,,,,,,,,,,,,,,
,,,,,,,,,,,,,,,,,,,,
,,,,,,,,,,,,,,,,,,,,
,,,,,,,,,,,,,,,,,,,,
,,,,,,,,,,,,,,,,,,,,
,,,,,,,,,,,,,,,,,,,,
,,,,,,,,,,,,,,,,,,,,
,,,,,,,,,,,,,,,,,,,,
,,,,,,,,,,,,,,,,,,,,
,,,,,,,,,,,,,,,,,,,,
,,,,,,,,,,,,,,,,,,,,
,,,,,,,,,,,,,,,,,,,,
,,,,,,,,,,,,,,,,,,,,
,,,,,,,,,,,,,,,,,,,,
,,,,,,,,,,,,,,,,,,,,
,,,,,,,,,,,,,,,,,,,,
,,,,,,,,,,,,,,,,,,,,
,,,,,,,,,,,,,,,,,,,,
,,,,,,,,,,,,,,,,,,,,
,,,,,,,,,,,,,,,,,,,,
,,,,,,,,,,,,,,,,,,,,
,,,,,,,,,,,,,,,,,,,,
,,,,,,,,,,,,,,,,,,,,
,,,,,,,,,,,,,,,,,,,,
,,,,,,,,,,,,,,,,,,,,
,,,,,,,,,,,,,,,,,,,,
,,,,,,,,,,,,,,,,,,,,
,,,,,,,,,,,,,,,,,,,,
,,,,,,,,,,,,,,,,,,,,
,,,,,,,,,,,,,,,,,,,,
,,,,,,,,,,,,,,,,,,,,
,,,,,,,,,,,,,,,,,,,,
,,,,,,,,,,,,,,,,,,,,
,,,,,,,,,,,,,,,,,,,,
,,,,,,,,,,,,,,,,,,,,
,,,,,,,,,,,,,,,,,,,,
,,,,,,,,,,,,,,,,,,,,
,,,,,,,,,,,,,,,,,,,,
,,,,,,,,,,,,,,,,,,,,
,,,,,,,,,,,,,,,,,,,,
,,,,,,,,,,,,,,,,,,,,
,,,,,,,,,,,,,,,,,,,,
,,,,,,,,,,,,,,,,,,,,
,,,,,,,,,,,,,,,,,,,,
,,,,,,,,,,,,,,,,,,,,
,,,,,,,,,,,,,,,,,,,,
,,,,,,,,,,,,,,,,,,,,
,,,,,,,,,,,,,,,,,,,,
,,,,,,,,,,,,,,,,,,,,
,,,,,,,,,,,,,,,,,,,,
,,,,,,,,,,,,,,,,,,,,
,,,,,,,,,,,,,,,,,,,,
,,,,,,,,,,,,,,,,,,,,
,,,,,,,,,,,,,,,,,,,,
,,,,,,,,,,,,,,,,,,,,
,,,,,,,,,,,,,,,,,,,,
,,,,,,,,,,,,,,,,,,,,
,,,,,,,,,,,,,,,,,,,,
,,,,,,,,,,,,,,,,,,,,
,,,,,,,,,,,,,,,,,,,,
,,,,,,,,,,,,,,,,,,,,
,,,,,,,,,,,,,,,,,,,,
,,,,,,,,,,,,,,,,,,,,
,,,,,,,,,,,,,,,,,,,,
,,,,,,,,,,,,,,,,,,,,
,,,,,,,,,,,,,,,,,,,,
,,,,,,,,,,,,,,,,,,,,
,,,,,,,,,,,,,,,,,,,,
,,,,,,,,,,,,,,,,,,,,
,,,,,,,,,,,,,,,,,,,,
,,,,,,,,,,,,,,,,,,,,
,,,,,,,,,,,,,,,,,,,,
,,,,,,,,,,,,,,,,,,,,
,,,,,,,,,,,,,,,,,,,,
,,,,,,,,,,,,,,,,,,,,
,,,,,,,,,,,,,,,,,,,,
,,,,,,,,,,,,,,,,,,,,
,,,,,,,,,,,,,,,,,,,,
,,,,,,,,,,,,,,,,,,,,
,,,,,,,,,,,,,,,,,,,,
,,,,,,,,,,,,,,,,,,,,
,,,,,,,,,,,,,,,,,,,,
,,,,,,,,,,,,,,,,,,,,
,,,,,,,,,,,,,,,,,,,,
,,,,,,,,,,,,,,,,,,,,
,,,,,,,,,,,,,,,,,,,,
,,,,,,,,,,,,,,,,,,,,
,,,,,,,,,,,,,,,,,,,,
,,,,,,,,,,,,,,,,,,,,
,,,,,,,,,,,,,,,,,,,,
,,,,,,,,,,,,,,,,,,,,
,,,,,,,,,,,,,,,,,,,,
,,,,,,,,,,,,,,,,,,,,
,,,,,,,,,,,,,,,,,,,,
,,,,,,,,,,,,,,,,,,,,
,,,,,,,,,,,,,,,,,,,,
,,,,,,,,,,,,,,,,,,,,
,,,,,,,,,,,,,,,,,,,,
,,,,,,,,,,,,,,,,,,,,
,,,,,,,,,,,,,,,,,,,,
,,,,,,,,,,,,,,,,,,,,
,,,,,,,,,,,,,,,,,,,,
,,,,,,,,,,,,,,,,,,,,
,,,,,,,,,,,,,,,,,,,,
,,,,,,,,,,,,,,,,,,,,
,,,,,,,,,,,,,,,,,,,,
,,,,,,,,,,,,,,,,,,,,
,,,,,,,,,,,,,,,,,,,,
,,,,,,,,,,,,,,,,,,,,
,,,,,,,,,,,,,,,,,,,,
,,,,,,,,,,,,,,,,,,,,
,,,,,,,,,,,,,,,,,,,,
,,,,,,,,,,,,,,,,,,,,
,,,,,,,,,,,,,,,,,,,,
,,,,,,,,,,,,,,,,,,,,
,,,,,,,,,,,,,,,,,,,,
,,,,,,,,,,,,,,,,,,,,
,,,,,,,,,,,,,,,,,,,,
,,,,,,,,,,,,,,,,,,,,
,,,,,,,,,,,,,,,,,,,,
,,,,,,,,,,,,,,,,,,,,
,,,,,,,,,,,,,,,,,,,,
,,,,,,,,,,,,,,,,,,,,
,,,,,,,,,,,,,,,,,,,,
,,,,,,,,,,,,,,,,,,,,
,,,,,,,,,,,,,,,,,,,,
,,,,,,,,,,,,,,,,,,,,
,,,,,,,,,,,,,,,,,,,,
,,,,,,,,,,,,,,,,,,,,
,,,,,,,,,,,,,,,,,,,,
,,,,,,,,,,,,,,,,,,,,
,,,,,,,,,,,,,,,,,,,,
,,,,,,,,,,,,,,,,,,,,
,,,,,,,,,,,,,,,,,,,,
,,,,,,,,,,,,,,,,,,,,
,,,,,,,,,,,,,,,,,,,,
,,,,,,,,,,,,,,,,,,,,
,,,,,,,,,,,,,,,,,,,,
,,,,,,,,,,,,,,,,,,,,
,,,,,,,,,,,,,,,,,,,,
,,,,,,,,,,,,,,,,,,,,
,,,,,,,,,,,,,,,,,,,,
,,,,,,,,,,,,,,,,,,,,
,,,,,,,,,,,,,,,,,,,,
,,,,,,,,,,,,,,,,,,,,
,,,,,,,,,,,,,,,,,,,,
,,,,,,,,,,,,,,,,,,,,
,,,,,,,,,,,,,,,,,,,,
,,,,,,,,,,,,,,,,,,,,
,,,,,,,,,,,,,,,,,,,,
,,,,,,,,,,,,,,,,,,,,
,,,,,,,,,,,,,,,,,,,,
,,,,,,,,,,,,,,,,,,,,
,,,,,,,,,,,,,,,,,,,,
,,,,,,,,,,,,,,,,,,,,
,,,,,,,,,,,,,,,,,,,,
,,,,,,,,,,,,,,,,,,,,
,,,,,,,,,,,,,,,,,,,,
,,,,,,,,,,,,,,,,,,,,
,,,,,,,,,,,,,,,,,,,,
,,,,,,,,,,,,,,,,,,,,
,,,,,,,,,,,,,,,,,,,,
,,,,,,,,,,,,,,,,,,,,
,,,,,,,,,,,,,,,,,,,,
,,,,,,,,,,,,,,,,,,,,
,,,,,,,,,,,,,,,,,,,,
,,,,,,,,,,,,,,,,,,,,
,,,,,,,,,,,,,,,,,,,,
,,,,,,,,,,,,,,,,,,,,
,,,,,,,,,,,,,,,,,,,,
,,,,,,,,,,,,,,,,,,,,
,,,,,,,,,,,,,,,,,,,,
,,,,,,,,,,,,,,,,,,,,
,,,,,,,,,,,,,,,,,,,,
,,,,,,,,,,,,,,,,,,,,
,,,,,,,,,,,,,,,,,,,,
,,,,,,,,,,,,,,,,,,,,
,,,,,,,,,,,,,,,,,,,,
,,,,,,,,,,,,,,,,,,,,
,,,,,,,,,,,,,,,,,,,,
,,,,,,,,,,,,,,,,,,,,
,,,,,,,,,,,,,,,,,,,,
,,,,,,,,,,,,,,,,,,,,
,,,,,,,,,,,,,,,,,,,,
,,,,,,,,,,,,,,,,,,,,
,,,,,,,,,,,,,,,,,,,,
,,,,,,,,,,,,,,,,,,,,
,,,,,,,,,,,,,,,,,,,,
,,,,,,,,,,,,,,,,,,,,
,,,,,,,,,,,,,,,,,,,,
,,,,,,,,,,,,,,,,,,,,
,,,,,,,,,,,,,,,,,,,,
,,,,,,,,,,,,,,,,,,,,
,,,,,,,,,,,,,,,,,,,,
,,,,,,,,,,,,,,,,,,,,
,,,,,,,,,,,,,,,,,,,,
,,,,,,,,,,,,,,,,,,,,
,,,,,,,,,,,,,,,,,,,,
,,,,,,,,,,,,,,,,,,,,
,,,,,,,,,,,,,,,,,,,,
,,,,,,,,,,,,,,,,,,,,
,,,,,,,,,,,,,,,,,,,,
,,,,,,,,,,,,,,,,,,,,
,,,,,,,,,,,,,,,,,,,,
,,,,,,,,,,,,,,,,,,,,
,,,,,,,,,,,,,,,,,,,,
,,,,,,,,,,,,,,,,,,,,
,,,,,,,,,,,,,,,,,,,,
,,,,,,,,,,,,,,,,,,,,
,,,,,,,,,,,,,,,,,,,,
,,,,,,,,,,,,,,,,,,,,
,,,,,,,,,,,,,,,,,,,,
,,,,,,,,,,,,,,,,,,,,
,,,,,,,,,,,,,,,,,,,,
,,,,,,,,,,,,,,,,,,,,
,,,,,,,,,,,,,,,,,,,,
,,,,,,,,,,,,,,,,,,,,
,,,,,,,,,,,,,,,,,,,,
,,,,,,,,,,,,,,,,,,,,
,,,,,,,,,,,,,,,,,,,,
,,,,,,,,,,,,,,,,,,,,
,,,,,,,,,,,,,,,,,,,,
,,,,,,,,,,,,,,,,,,,,
,,,,,,,,,,,,,,,,,,,,
,,,,,,,,,,,,,,,,,,,,
,,,,,,,,,,,,,,,,,,,,
,,,,,,,,,,,,,,,,,,,,
,,,,,,,,,,,,,,,,,,,,
,,,,,,,,,,,,,,,,,,,,
,,,,,,,,,,,,,,,,,,,,
,,,,,,,,,,,,,,,,,,,,
,,,,,,,,,,,,,,,,,,,,
,,,,,,,,,,,,,,,,,,,,
